{"cameraMode":{"drawMode":0,"name":"Shaded","section":"Shading Mode"},"sceneLighting":true,"audioPlay":false,"sceneViewState":{"showFog":true,"showMaterialUpdate":false,"showSkybox":true,"showFlares":true,"showImageEffects":true,"showParticleSystems":true},"in2DMode":false,"pivot":{"x":-0.1661936640739441,"y":-0.08430001139640808,"z":0.4595142602920532},"rotation":{"x":-0.20251360535621644,"y":-0.1752549260854721,"z":0.036855559796094897,"w":-0.9628331065177918},"size":0.30866026878356936,"orthographic":false}