{"cameraMode":{"drawMode":0,"name":"Shaded","section":"Shading Mode"},"sceneLighting":false,"audioPlay":false,"sceneViewState":{"showFog":true,"showMaterialUpdate":false,"showSkybox":false,"showFlares":true,"showImageEffects":true,"showParticleSystems":true},"in2DMode":false,"pivot":{"x":-0.0021696090698242189,"y":-1.8886709213256837,"z":-1.7771031856536866},"rotation":{"x":0.053206879645586017,"y":0.8756465315818787,"z":-0.09920266270637512,"w":0.469650536775589},"size":6.690609931945801,"orthographic":false}