{"cameraMode":{"drawMode":0,"name":"Shaded","section":"Shading Mode"},"sceneLighting":false,"audioPlay":false,"sceneViewState":{"showFog":true,"showMaterialUpdate":false,"showSkybox":false,"showFlares":true,"showImageEffects":true,"showParticleSystems":true},"in2DMode":false,"pivot":{"x":-2.839873790740967,"y":14.162101745605469,"z":-8.106733322143555},"rotation":{"x":-0.026024796068668367,"y":0.8513777852058411,"z":0.5222081542015076,"w":0.04243362322449684},"size":14.79358959197998,"orthographic":false}