{"cameraMode":{"drawMode":0,"name":"Shaded","section":"Shading Mode"},"sceneLighting":false,"audioPlay":false,"sceneViewState":{"showFog":true,"showMaterialUpdate":false,"showSkybox":false,"showFlares":true,"showImageEffects":true,"showParticleSystems":true},"in2DMode":false,"pivot":{"x":263.72003173828127,"y":268.58154296875,"z":5.024200439453125},"rotation":{"x":-0.22979174554347993,"y":-0.0871884673833847,"z":0.02066110633313656,"w":-0.9691390991210938},"size":320.8017578125,"orthographic":false}