{"cameraMode":{"drawMode":0,"name":"Shaded","section":"Shading Mode"},"sceneLighting":false,"audioPlay":false,"sceneViewState":{"showFog":true,"showMaterialUpdate":false,"showSkybox":false,"showFlares":true,"showImageEffects":true,"showParticleSystems":true},"in2DMode":false,"pivot":{"x":-2.7985291481018068,"y":-76.60610961914063,"z":100.9186019897461},"rotation":{"x":-0.08612138032913208,"y":-0.6007871031761169,"z":0.06533496826887131,"w":-0.7920971512794495},"size":3.866024971008301,"orthographic":false}