{"cameraMode":{"drawMode":0,"name":"Shaded","section":"Shading Mode"},"sceneLighting":true,"audioPlay":false,"sceneViewState":{"showFog":true,"showMaterialUpdate":false,"showSkybox":true,"showFlares":true,"showImageEffects":true,"showParticleSystems":true},"in2DMode":false,"pivot":{"x":-6.970640182495117,"y":-3.463538646697998,"z":2.6195507049560549},"rotation":{"x":-0.26235413551330569,"y":-0.30974921584129336,"z":0.08932021260261536,"w":-0.9095687866210938},"size":10.0,"orthographic":false}